Error type,Sentence 1,Sentence 2,Model score,Annotators scores
1,"Поручик, еще весь потрясенный непочтительностию, весь пылая и, очевидно, желая поддержать пострадавшую <b><i>амбицию</i></b>, набросился всеми перунами на несчастную ""пышную даму"", смотревшую на него, с тех самых пор как он вошел, с преглупейшею улыбкой. ","А может, Сталин думал уже о будущих совместных с Гитлером акциях по разделу глобальных сфер интересов Нельзя исключать подобные <b><i>амбиции</i></b> ""вождя народов"".",4,1 1 1
2,"Итак, чтобы покончить с этим предметом, прошу Вас, друг мой, никогда не опасаться задеть мою авторскую <b><i>амбицию</i></b>.","Разговор, конечно, бессмысленный и бесполезный, но наведший все на те же размышления: о Церкви, о Православии, о той мелочной и даже злобной каше интриг, самолюбий, <b><i>амбиций</i></b>, эгоцентризмов, в которой приходится в Церкви жить.",1,4 3 4
1,"Вестовой Лаврюшка и слышал, как старший офицер вломился в <b><i>амбицию</i></b> и пригрозил, что спишется по болезни с клипера на берег и возвратится в Россию.",Банкиры и сверхбогатые бизнесмены-олигархи уже открыто демонстрируют свои <b><i>амбиции</i></b>.,4,3 1 1
3,"Я припоминаю эти стишки, но не все: ""Вильде со скалкой, Садовский с палкой, Жандармы, полиция, Островский с <b><i>амбицией</i></b>"".","Говорун полез было в <b><i>амбицию</i></b>, но я показал ему указательный палец и засадил чистить лук.",4,1 2 3
1,"Скоро прибыли к нему <b><i>братья</i></b> его, Андрей и Борис, с их многочисленною дружиною: не было ни упреков, ни извинений, ни условий; единокровные обнялися с видом искренней любви, чтобы вместе служить отечеству и христианству.","Он говорил ей: ""Ты, <b><i>брат</i></b>"".",4,2 1 2
3,"Я, разумеется, не про ремесла говорю, не про технику, не про математические знания, -- этому и немцы заезжие по найму научат, если мы не научим, нет, а мы-то чему Мы ведь русские, <b><i>братья</i></b> этому народу, а стало быть, обязаны просветить его.",Их четыре <b><i>брата</i></b>.,1,2 4 3
2,"Он, как видно из его стихотворений, взялся за дело поэта по призванию; он сильно сочувствует вопросам своего времени, страдает всеми недугами <b><i>века</i></b>, болезненно мучится несовершенствами общества и сгорает нетщетно жаждою споспешествовать его совершенствованию и торжеству на земле истины, любви и братства.",Во второй половине прошлого <b><i>века</i></b> рытье колодцев было заменено бурением скважин.,1,4 3 4
1,"Государственная подать в IX и X <b><i>веке</i></b> состояла у нас более в вещах, нежели в деньгах.","Им казалось, что Тамань так и звалась испокон <b><i>веков</i></b>.",4,1 1 2
4,"Обычай, которого самовар составляет ядро и душу, занял место в самой средние нравов нашего <b><i>века</i></b> и привлекает к себе их частицы в целой суточной жизни человека.",Чего ты на своем <b><i>веку</i></b> видал Двор свой да поле.,1,4 3 3
1,Вадима Петровича начинало брать раздражение и на бывшего своего <b><i>дядьку</i></b>.,"-- Что за ярмарка -- Так День Нэзалэжности! -- отвечает <b><i>дядька</i></b> в национальном гуцульском костюме, с приклеенными усами.",4,1 1 1
3,"Возрас Александр, и по многих победах Аравию завоевав, прислал <b><i>дядьке</i></b> своему несколько сот возов ладону, написав ему: не будь скуп, где дело идет до Богопочтения.",Это был <b><i>дядька</i></b> средних лет в пятнистой робе.,1,4 2 4
1,"Взошел, шаркая костылем, дряхлый <b><i>дядька</i></b> Василия Иваныча, отставной камердинер Тихон.",-- Давай тогда искать твоего <b><i>дядьку</i></b>.,4,1 4 1
2,"На руках она с усилием тащила Федьку, прижав его поперек <b><i>живота</i></b>, чем он нисколько не смущался.","Боли в <b><i>животе</i></b> не то стали слабее, не то он к ним привык",1,"4, 4, 4"
1,"Он ничего не хотел делать без правды: ""Лучше воистину принять злому <b><i>животу</i></b> моему конец и вовеки свобод ну быть, нежели противно правды делати"".",У него был разодран <b><i>живот</i></b>.,4,1 1 1
2,"-- Боже, милостив буди мне, грешному! -- шептал он, умильно покачивая склоненной набок головой и крепко надавливая пальцами на лоб, на <b><i>живот</i></b> и плечи.",В <b><i>животе</i></b> у него постоянно урчало.,1,"4, 4, 4"
2,Тут в <b><i>кармане</i></b> тысяча рублев положена.,Вместо птиц он приносил домой целые <b><i>карманы</i></b> камней и сваливал их под навесом в ящик.,1,"4, 4, 4"
2,"От скуки, известно, полоумного всякий напоит, а он после этого, только встретит кого мало-мальски с мошной, -- сейчас руки в <b><i>карманы</i></b>, по-барскому, и пошумливает себе: ""Дорогу дай московскому первой гильдии купцу Афанасию Ларивону!","Радость -- неизменная спутница всякого нормального советского человека, временно покидающего свою свободную родину, -- была омрачена полным отсутствием в <b><i>карманах</i></b> даже самой мелкой французской монеты и неясностью ближайшего будущего.",1,"4, 4, 4"
2,"После маленького предисловия, вынул я из <b><i>кармана</i></b> свою тетрадку, и прочел ему следующие стишки: -- Как ты это находишь -- спросил я Швабрина, ожидая похвалы, как дани, мне непременно следуемой.","Волынский, Меерсон и все другие их единомышленники были убеждены, что мы уже попали в их <b><i>карманы</i></b>: сидели за обедом с довольными лицами, говорили с большим апломбом о невозможности приобрести хотя бы малую толику паев: ""Да кто же вам продаст Ведь это дело -- золотое дно!"" -- и т. д.",1,"3, 3, 1"
4,"...Много я в жизни претерпел разных ролей и ничего не нашел; рад, что семейство не помрет с голоду, -- но и на этот спокой я уже впоследствии только согласился, то есть со взглядами мыслящих в большинстве: ""не та честь, которая честна, а та, которая в <b><i>кармане</i></b> видна"".",Быстро сую недописанное письмо в <b><i>карман</i></b> и пулей лечу чистить сапоги.,4,"4,2,1"
2,"Громадный, чудный вокзал со стеклянной <b><i>крышей</i></b> не имел больше парадного вида: народу было мало, и только военные.","Начинаются оттепели, ростепели, капели с <b><i>крыш</i></b>.",1,"4,4,4"
1,"Грязь да болото, хоть стучи себе там по ночам, когда мертвецы встают, в гробовую <b><i>крышу</i></b>: ""Пустите, добрые люди, на свет пожить!","И верно, опять сорвался дождь, застучал по <b><i>крыше</i></b>, но Воронцов, завернутый в плащ-палатку, ничего не видел и не слышал, он толковал свое.",4,"1,1,1"
1,"Вороны и сороки, подбирая зерна, жались около <b><i>крыш</i></b> и перепархивали с места на место.","В конструкции появляется новый элемент -- кормовая секция, которая одновременно служит <b><i>крышей</i></b> над люлькой-лодкой в сухопутном варианте.",1,3 4 4
2,"Но прежде всего, ввиду того, что, как мне известно, здесь есть много лиц, сочувствующих <b><i>лечению</i></b> гомеопатией, я прошу отнестись к тому, что я говорю, как к тому, что мной руководят мотивы исключительно научного свойства.","Что же касается санаторного <b><i>лечения</i></b>, то уже сейчас профкомы вправе выдавать путевки в санаторий супругам, даже если один из них работает на другом предприятии, а с 1990 года предполагается выделять ежегодно не менее 120 тысяч семейных путевок в санатории и лечебные пансионаты как для супружеских пар, так и для родителей с детьми.",1,4 4 4
3,Первый сезон лиманного <b><i>лечения</i></b> в этом году считается дачевладельцами проигранным из-за погоды.,"Психиатр обязан разрабатывать психогигиенические проблемы, если не хочет ограничиться только <b><i>лечением</i></b> и должен работать в этих областях рука об руку с общественным деятелем, с невропатологом, интернистом и гигиенистом вообще.",1,"2,4,3"
1,В этом заключается способ <b><i>лечения</i></b> перевоспитанием.,"<b><i>Лечение</i></b> туберкулеза на Колыме тяжело -- там болото, топи, а не целебные горы -- как расписывали в тридцатые годы, оказались враждебными для легочных больных -- разрушительны.",4,4 3 1
1,"Затем, спустя некоторое время, в <b><i>линейках</i></b>, на лихих тройках вереницей подъезжали к этим островам гости Зарежского.","Но, при помощи <b><i>линейки</i></b>, он принуждал их расцепиться: просто чертил их заново, параллельно друг дружке, и чувствовал при этом, что там, в бесконечности, где он заставил наклонную соскочить, произошла немыслимая катастрофа, неизъяснимое чудо, и он подолгу замирал на этих небесах, где сходят с ума земные линии.",1,4 4 4
1,"-- За рубль с четвертью садитесь, -- откликается борода лопатой с <b><i>линейки</i></b>.","-- Я просто хотел попробовать, можно ли этой <b><i>линейкой</i></b> кого-нибудь стукнуть.",1,4 4 4
2,"Ни от <b><i>линейки</i></b> учителя, ни от бровей директора никогда в жизни не стучало так сердце Обломова, как теперь.","Лопнуло ее стекло -- чуть повыше середины, ровно, как по <b><i>линейке</i></b>.",1,4 3 3
3,Однажды состоялась прогулка в большой <b><i>линейке</i></b> по лесным дачам.,"Ночь в поле, двигаемся с <b><i>линейкой</i></b> в Броды.",4,4 4 1
4,"Унять было невозможно, по крайней мере в ту минуту, и -- вдруг окончательная катастрофа как бомба разразилась над собранием и треснула среди его: третий чтец, тот <b><i>маньяк</i></b>, который все махал кулаком за кулисами, вдруг выбежал на сцену.","Не надо было быть балетным <b><i>маньяком</i></b>, чтобы понять, что балериной эта особа никогда не будет.",4,1 2 2
4,"Я заранее был уверен, что Вы во всяком случае не посоветуете мне насиловать свою природу, жить в среде, сделавшейся мне антипатичной, оставаться в таком положении, которое поневоле делает меня праздным, бессмысленно проводящим жизнь <b><i>маньяком</i></b>.","Кроме того -- в десятый раз, -- зачем ему было это делать Оставалось предположение, вероятнее всего почти абсурдное, но которое все-таки нельзя было отбрасывать с совершенной уверенностью, что Павел Александрович стал жертвой какого-то <b><i>маньяка</i></b>.",4,2 2 2
4,"Напротив, если духовное равновесие разрушено совершенно, если человек, как бесноватый, одержим одною дикою страстью и ко всему другому восприимчивость в нем потухла, -- он или <b><i>маньяк</i></b>, которого надо лечить, или воплощенный дьявол, для которого все человеческое кончено.","Любое слово, любой жест истолковывается с железной логикой <b><i>маньяка</i></b> как направленный к моему уничтожению.",4,3 3 1
1,"А кто опять виноват в Кармазинове Навязывал я вам его или нет Участвовал в его обожании или нет Ну, да черт с ним, а вот третий <b><i>маньяк</i></b>, политический, ну это другая статья.",Напущу-ка я на них гангстера и <b><i>маньяка</i></b>.,4,3 3 1
1,"Я и не отрицаю, что такие <b><i>монстры</i></b> действительно существуют, но отрицаю, чтоб их можно было считать представителями сороковых годов.","Можно предположить, что вмерзшие в сибирскую мерзлоту туши этих <b><i>монстров</i></b> видел кто-то из путешественников или торговцев мамонтовой костью и сообщил об этом любознательному ученому.",4,1 1 2
3,"Если б я хотел присылать к тебе человеческия <b><i>монстры</i></b> не по виду тела, а по уродливым нравам, места б у тебя было для них мало.","<b><i>Монстр</i></b> с чубиком пришел, оказывается, бриться.",4,3 3 1
3,"Сначала учитель, не очень грамотный человек, приехавший в школу потому, собственно, что есть ему было решительно нечего, отказался принять ""в ученье"" такого <b><i>монстра</i></b> и с хохотом выпроводил его за дверь, когда последний выразил свое намерение ""почитаться"".","-- Сонный чиновный <b><i>монстр</i></b>, без конца и начала.",4,4 1 3
1,"Сувенирчик вместе с Клеточкиным ездил летом на Щучье озеро ловить бреднем раков и жерихов, а зимой, на святках, неизменно танцевал визави в кадрили-<b><i>монстр</i></b> на вечеринках, отчаянно дирижируя при этом: -- Сильвупле, кавалеры, направо, сильвупле, мадмуазель, налево!..","<b><i>Монстр</i></b> завозился, зарычал и, гремя цепями, впился в мясо и стал отрывать зубами кровавые куски.",4,1 1 1
1,Карев присел к столу и стал чистить водяниковую <b><i>наволочку</i></b> картошки.,"Вместе с картошкой появилась на свет и грязная, замусоленная <b><i>наволочка</i></b>.",4,1 1 1
3,"На кровати лежали шелковые зеленые, сильно выцветшие одеяло и <b><i>наволочки</i></b>, с вышитыми золотом орлами.","<b><i>Наволочка</i></b> с правой стороны в еще непросохших слезах: покидать жизнь веселую и трудную, оставлять обширную державу в бессильных руках злосчастного, черт его возьми, племянника было тяжело государыне сверх меры.",1,4 4 4
4,"Вот тут, на этой батистовой <b><i>наволочке</i></b>, покоилась ее голова.","Абсурдность двух первых вариантов оговора совершенно ясна: ведь тогда Косов механически подтверждал бессмысленные показания Сажина о том, что они познакомились в августе 1945 г., тогда как <b><i>наволочки</i></b> были отпущены за полгода до того.",1,1 2 4
1,"Тогда как Москва прикрепляла к себе Новгород <b><i>наложением</i></b> на него дани, на западе отнимали у Москвы власть над Смоленском.",<b><i>Наложение</i></b> при этом разного рода гравитационных полей и вызывает на Земле всевозможные катаклизмы.,4,1 1 1
1,"Теперь же все сии пособия пресеклись, а сверх того, республиканские крейсеры разъезжают подле самых портов и перехватывают идущие в них и из них суда, отчего приходящие из Европы купцы стараются вознаградить потерю свою <b><i>наложением</i></b> на товары превысоких цен.",Пилки помещают в полиэтиленовую трубку и замуровывают при <b><i>наложении</i></b> повязки.,4,1 1 1
1,"Через месяц Митька уже был бит на площади кнутом и, по <b><i>наложении</i></b> клейм, отправлен в Сибирь в числе прочих сущих воров и разбойников.","В то время я платил шерифу по 5 долларов в день, чтобы как-то отсрочить <b><i>наложение</i></b> ареста на мою маленькую мастерскую.",4,1 1 3
1,Злополучный иеромонах был вытащен из <b><i>огня</i></b> со слабыми признаками жизни.,Ночью немцы обрушили на наше расположение массированный артиллерийский <b><i>огонь</i></b>.,4,1 1 1
1,"Привязав собак вокруг шалаша и обезопасив тем себя от внезапного нападения медведей, мы развели <b><i>огонь</i></b>, сварили ужин и провели ночь весьма хорошо.","И если Маршак и Чуковский выведены были из-под <b><i>огня</i></b>, то это не заслуга Союза.",4,1 1 1
1,"Огромный темный купол, отражая зарево <b><i>огней</i></b>, в невероятном просторе уходил над головой.","Полтабуретка зарычала, глазки ее загорелись скандальным <b><i>огнем</i></b>.",4,1 1 3
3,"Я не берусь описывать шума, который раздался в зале вслед за открытием: это превосходит все <b><i>риторики</i></b> сего и того света.","Шекспир в молодости отдал дань и пышной <b><i>риторике</i></b> ""Тамерлана"" Марло и неистовым словоизвержениям Томаса Нэша, ""кузнеца громовых слов"" (the thundersmith of terms).",1,4 4 4
4,"-- Не разводи <b><i>риторики</i></b>! -- холодно прервал его последний, -- докладывай дело без украшений, ясно, просто, по пунктам.","Отрицается классификация литературных жанров, канонизированная учебниками <b><i>риторики</i></b>",1,3 2 3
3,"Как в скандинавской литературе уже в XIII веке к эпическому материалу мифологических преданий присоединилось руководство к искусственной поэзии в так называемой ""Новой эдде"" Снорри Стурлусона, так и поэты романских племен подчинили свое воображение <b><i>риторике</i></b> и пиитике в руководствах, известных под именем ""Веселой науки"" (Gay Saber), которая вполне соответствует скандинавской ""Скальде"", такому же пиитическому руководству.","Еще раз прикосновение к тайне Церкви, и это не <b><i>риторика</i></b>, не преувеличение.",4,1 1 3
3,"Здсь то, сказалъ я, есть согласе всего различнаго, слдовательно и самое большее <b><i>совершенство</i></b>.","""Дальний переход, предстоящий вашему сиятельству, от Англии до Архипелага, представляет вам средства довести эскадру, высочайше вам вверенную, состоящую по большей части из людей неопытных, до должного <b><i>совершенства</i></b>, по всем частям морской службы, экзерцициями и строгою военною дисциплиною.",1,1 1 1
4,"Но существование общества зависит не от <b><i>совершенства</i></b> некоторых, а от безопасности всех.","Мы были молоды, и западная литература привлекала нас изяществом, спокойствием и <b><i>совершенством</i></b> рисунка.",1,4 4 4
2,"Те же члены церквей, которые лично достигали тогда <b><i>совершенства</i></b>, уже не имели и не могли иметь рабов, потому что таковые обращались в братьев, а брат, воистину брат, не может иметь своего брата у себя рабом.","Потому что первая любовь -- девичья ли, юношеская ли -- всегда с замечательной наивностью подходит к возможному избраннику, ожидая от него красоты и <b><i>совершенства</i></b> во всем и прежде всего во внешности.",1,4 4 3
1,"-- Иван Федорович это был доктор, ее доктор, <b><i>советчик</i></b>.","По секретным сведениям, треть валюты идет к <b><i>советчикам</i></b> через Крым.",4,2 1 1
3,"Эта услуга, в связи с привычкой, сделало то, что Сидорыч стал необходимым для князя человеком, поверенным его сокровенных тайн, даже <b><i>советчиком</i></b>.","А расходы придется платить самим же <b><i>советчикам</i></b>"".",4,2 3 1
4,"-- У вас теперь с собою 40 000 червонцев, -- сказал <b><i>советчик</i></b>, -- берите их и явитесь прямо ко двору.",Испуг -- <b><i>советчик</i></b> плохой.,1,4 4 1
2,"Пуля, рикошетом от <b><i>стены</i></b>, ударила ему в верхнюю треть бедра и засела в глубине, раздробив кость.","Хижина была полна женщин -- юные девушки и старухи сидели вдоль <b><i>стен</i></b>, оживленно переговариваясь.",1,4 4 4
2,"Святыня, вместе с холодным, сырым воздухом, веющим от <b><i>стен</i></b>, обхватила меня; темный лик Спасителя грозно на меня смотрел; толпа праведников двигалась, росла и меня обступила.","Окно, разбитое во время прошлых споров, заделали листом фанеры, стекло лампы было протерто, к щербатой <b><i>стене</i></b> прибили плакат -- ""Прохання не палить"".",1,4 4 4
2,"Когда Их Величества повернули к той стороне <b><i>стены</i></b>, которая ведет к Спасским воротам, на площади уже стояла тысячная толпа, приветствовавшая Царя и Царицу восторженными кликами ""ура"" и бросаньем в воздух шапок.","В конце этого двора у <b><i>стены</i></b> поставлены бочки, на которые наложены доски.",1,4 4 4
1,"Пазульский был приговорен в Одессе к 12 годам, 100 плетям и трем годам прикования к <b><i>тачке</i></b>.","Они с Верой выпорхнули из дверей ""<b><i>тачки</i></b>"" и поплыли в невесомости спортивного зала.",4,1 1 1
2,"Брюхо побежало впереди -- выходило, будто катил его генерал перед собой на <b><i>тачке</i></b>.","Всю жизнь О. М., как каторжник к <b><i>тачке</i></b>, был прикован к писательским организациям и без их санкции не получил ни единого кусочка хлеба.",1,4 3 4
3,"Ребята, с <b><i>тачками</i></b> туда!..","Скотник, насквозь напитанный запахом навозной жижи, тот самый, что не довез своей <b><i>тачки</i></b>, а пошел смеяться с мужиками, когда мужики еще добродушно покуривали на крыльцах людской -- вертел в руках терракотовую копию химеры: -- Ванька, гляди-ка!",4,4 1 4
1,b><i>Увольнение</i></b> учительницы.,"Облачившись в шинель и приладив башлык и пояс, я ""явился"" к заведующему командой и отрапортовал: -- Вольноопределяющийся Вишняк является для <b><i>увольнения</i></b> в отпуск.",4,1 1 1
1,"Рабочие всех мастерских старого Путиловского завода, узнав об этом факте, потребовали от директора завода немедленного <b><i>увольнения</i></b> Вейнберга.","-- Вчера, когда вы вернулись из <b><i>увольнения</i></b>, вы назвали сержанта лжецом -- Да, сэр!",4,1 1 1
1,"С почти детскою жадностью расспрашивал он об <b><i>увольнениях</i></b>, перемещениях, определениях, о слухах и предположениях, но молодой генерал на все вопросы отвечал нехотя, сквозь зубы.","Это нормально Перестройка -- это не только сокращение штатов и <b><i>увольнения</i></b>, но и сострадание, чуткое отношение к людям.",4,1 3 1
4,"В пользу такого взгляда -- и против мнения Шнейдера, нашедшего возможным предположить в диамилене замкнутую группировку углеродных паев, -- говорит и то обстоятельство, что <b><i>углеводороды</i></b>, заключающие ароматическое ядро, т. е. такие, где присутствие так называемой замкнутой группировки несомненно, -- оказываются, по опытам Вредена, неспособными к прямому присоединению.","Здесь Демьянов знакомится с проф. Г. Г. Густавсоном, широко известным своими превосходными исследованиями в области бромирования ароматических <b><i>углеводородов</i></b> в присутствии бромистого алюминия.",4,4 3 2
4,"1) 0,2945 гр. сухого <b><i>углеводорода</i></b> при осторожном насыщении бромом до появления желтого цвета дали 0,6625 гр. бромюра.",В самом начале обширных исследований А. Е. Фаворского в области непредельных <b><i>углеводородов</i></b> и явлений изомеризации у него появились ученики.,4,3 3 3
2,"Сочетая в своем бытии несомненные черты ""степного"" (""азиатского"" par exellence) <b><i>уклада</i></b> со столь же определенным приближением к характеру культур западного ""окраинно-приморского"" мира, Россия такой, как она есть сейчас, является, в смысле территориальном, комбинацией областей, воспроизводящих географическую природу некоторых западноевропейских районов с простором стран, по характеру, существенно ""вне-европейских"".",Внутренний <b><i>уклад</i></b> в этом доме напоминает порядки монастырских гостиниц.,1,4 4 2
4,"Это жертва не моя, а всего <b><i>уклада</i></b> жизни!..","Там, верно, рукомойники в сенях, пахнет кухней, мокрые дрова возле печек -- убогий, нелюбимый мною, дачный зимний <b><i>уклад</i></b>.",1,2 4 3
4,"Для мировоззрения, не приемлющего теорий исторического материализма, очевидна возможность существования при тождественном техническом строе разных общественных <b><i>укладов</i></b> и разных идеологий.",Описанная психология типичного тюрка определяет собой и жизненный <b><i>уклад</i></b> и миросозерцание носителей этой психологии,4,3 2 4
1,"Общий <b><i>фаворит</i></b> Николас оскандалился и гонку выиграл Брод в 9 ч. 32 м., Николас -- вторым.","Его дядя, граф Лейстер, был <b><i>фаворитом</i></b> Елизаветы; ее первый министр, лорд Берли, был другом сиднеевой семьи.",4,1 1 1
1,"<b><i>Фаворит</i></b> принял меня учтиво, выслушал причину моего недоумения и благословил меня ехать, не дожидаясь отпускной аудиенции.","Проскачку объявляют второму номеру, <b><i>фавориту</i></b>.",4,1 1 3
4,"Это была Венерка, которая оплыла хозяина мимо самого его носа и, легко выскочив на берег, в десять прыжков догнала своего <b><i>фаворита</i></b>.","Неважно, кого он наземь поверг и ногами топтал с громкими криками и поношениями, важно лишь, что оказал тем самым неуважение <b><i>фавориту</i></b> Анны Иоанновны.",4,3 2 1
1,"-- Вы сами, разливаете чай, -- сказала восторженно Мария Львовна, -- как это мило, вы, верно, отличная <b><i>хозяйка</i></b>, -- да Николай смотрел мрачно и кусал губы -- я поскорее ушла.","Приходит <b><i>хозяйка</i></b> и спрашивает: -- Что с вами, Марья Петровна А она говорит: -- У меня девочки потерялись.",4,1 2 3
4,"Есть ли в ее письмах хоть тень упрека, хоть нота недовольства Нет, не могла рабой чувствовать себя Александра Егоровна: муж ни в чем ее не стеснял, она была полной <b><i>хозяйкой</i></b>, и за мужем ей жилось куда веселее и привольнее, чем прежде.","Некоторое время продолжалось еще это хоровое исполнение частушек, к которым я прислушивался с интересом, пока <b><i>хозяйка</i></b> не кликнула меня через сени пить чай в боковушу.",1,4 4 1
3,Он прежде жил где-то на хлебах у <b><i>хозяйки</i></b> и занимал небольшой уголок.,"-- Без тебя не можем, ты <b><i>хозяйка</i></b>.",4,1 3 3
4,"Образ Монны Лизы получает жизнь, живет еще однажды своей телесной жизнью и является такой, какой она некогда была умной тосканской <b><i>хозяйкой</i></b>, которая больше занимается домашними чисто личными обстоятельствами, чем чувством любви, которое она будит в груди стареющего Леонардо да-Винчи.","Маршал вспомнил, как перед уходом из деревни он и его приятели копотью от свечи вывели на потолке имя красавицы -- <b><i>хозяйки</i></b> этой таверны, -- увы, от этой надписи не осталось и следа.",4,3 1 3
1,"Должно заметить, что даже папская <b><i>цензура</i></b> позволяет сии выражения, чему служит доказательством нынешняя итальянская поэзия.","Но у него разгорелись глаза -- это не его были глаза, а вставленные подменённые глаза от <b><i>цензуры</i></b>, и ноздри были не его, а снаряжённые нюхательными волосочками <b><i>цензуры</i></b> -- и он уверенно радостно выкусил клок: -- Вот!",4,1 1 1
4,"Духовенство, <b><i>цензура</i></b>, полиция, сам король -- заботились совокупно о том, чтобы содержать народ в строжайшем порядке и чистейшей нравственности.","В одном из писем к Е. М. Ш., рассказы которой Чехов исправлял, шлифовал и рассылал по редакциям очень усердно, Чехов поминает обо мне и говорит, что я ""тоже прошел через его <b><i>цензуру</i></b>"".",2,4 4 3
1,"Мои путевые заметки, конечно, могут быть интересны, но сами вы можете судить по письмам, что все новое и оригинальное в них не может пройти через <b><i>цензуру</i></b>.","Этот Ахеронт, под которым разумелись революционизированные народные массы, был тогда в большом употреблении, чтобы не вызывать излишнего внимания <b><i>цензуры</i></b>.",4,4 1 3
3,И тут же собственноручно переправил на листе <b><i>цифру</i></b> 15 на 25.,"<b><i>Цифры</i></b> звучали, какъ могущественная, торжествующая симфонiя класса создателя, какъ побдный гимнъ ""соцiалистической Россiи, возникающей по завту Ленина..""",1,4 4 4
4,"Я боюсь приводить ряд <b><i>цифр</i></b>, да в этом сейчас и нет нужды, моя задача поставить лишь общие вехи, лишь общие положения, ибо в настоящее время я твердо убежден, что ничего, кроме общих положений выставить нельзя.","Все мои встречи отмечены числами, в которых есть <b><i>цифра</i></b> 7.",1,4 4 4
2,-- Эти <b><i>цифры</i></b> собственно апокалипсические! -- перебил gnadige Frau Егор Егорыч.,"Документъ -- лучшй свидтель и <b><i>цифры</i></b>, -- лучшй языкъ.",1,4 3 4
1,"Полковник покорился судьбе, но впал в <b><i>амбицию</i></b>: месяц беспробудно пил и от роты осталось чуть более половины.","То, что позволяет ей проявиться более отчетливо -- именно противоречие между <b><i>амбициями</i></b> блокбастера и образом-временем, не позволяющим их воплотить в жизнь до конца.",4,1 1 4
4,"Мне, говорит, сейчас всю <b><i>амбицию</i></b> в кровь разбили.",И сам этот случай поминал он теперь на планерках в основном как пример бездарной траты банковских средств -- ради удовлетворения личных <b><i>амбиций</i></b> некоторых горе-руководителей.,4,2 3 2
3,"Сколько-нибудь выделялся только студент университета Котлецов, -- неимоверно развязный, поверхностный, любитель дешевых шуток и острот, из тех, про которых говорят: ""на грош амуниции, на рубль <b><i>амбиции</i></b>"".",И образ этот отделен от авторских <b><i>амбиций</i></b> художников и от индивидуального субъективного восприятия.,4,3 3 1
1,"Вот, <b><i>брат</i></b>, какие судьба иной раз повороты делает.","Арсений подошел было к <b><i>брату</i></b> Жану, но его отшвырнули ударом кулака.",4,1 1 1
1,"Проходя, я бросила, как бы невзначай: -- Добро ютро, брачо! (доброе утро, <b><i>братья</i></b>!).","Из родных и близких в последний путь его провожали лишь двоюродный <b><i>брат</i></b>, бывший командир 225 пехотного Ливенского полка полковник Г. Н.",4,1 1 2
1,"Там жило пять хорошеньких сестер, было весело, сравнительно вольно, приезжало множество родных -- двоюродных, троюродных, четвероюродных <b><i>братьев</i></b> и сестер, просто друзей.",-- Что тебе в голову взбрело плеваться Когда теперь сподобятся еще собраться эти <b><i>братья</i></b> по разуму от разных отцов Ну!,4,1 1 3
2,"Например, производство 1 кВт.ч на ТЭС в начале <b><i>века</i></b> требовало 1300 г угля, сейчас -- всего 300--330 г.","При этом театр, как и политика -- это ""брянское"" дело -- не знает сослагательного наклонения"", -- потом он истошно засвистел и испарился, а вполне узнаваемый Кутузовский вдруг, как это случается только во сне и, как уже было сказано, еще в театре, превратился в совершенно неузнаваемую кутузку, в которой неизвестные субъекты с физиономиями милиционеров, шпионов и чиновников в отменных костюмах конца позапрошлого <b><i>века</i></b> готовили кутеж.",1,4 3 4
4,"От <b><i>веков</i></b> досталось ему убеждение, что романовское самовластие нескончаемо и благотворно и другого ничего не бывало и не будет в России.",Во второй половине XIII и первой половине XIV <b><i>века</i></b> каменное церковное строительство в Пскове почти не ведётся.,1,1 4 3
4,"Не <b><i>век</i></b> же, ерш те в бок, мужику под барами маяться!..","Среди них маленький, напоминающий карету, вагончик XIX <b><i>века</i></b> из Лос-Анджелеса, знаменитый английский ""двухэтажник"", комфортабельный междугородный (были и такие) гигант из Монреаля, созданный в подражание классному железнодорожному ""пульману"".",1,4 1 2
1,"Взял меня <b><i>дядька</i></b> с собою к красным, а через год вызывает эскадронный.","Единственный посетитель в углу, тихий <b><i>дядька</i></b> с ""макинтошем"".",4,1 1 1
1,"Но дело-то в том, что <b><i>дядьки</i></b> прозевали опасность не только для господского дитяти: ведь пасть была разинута и для них самих.","У меня нет продовольственной карточки, и мой <b><i>дядька</i></b>, Георгий Исхамалиевич Ферстон, подаривший мне мыло, запрещает подать заявление на ее получение.",4,1 2 1
4,"Надо же, попался такой кровожадный <b><i>дядька</i></b>.","Чем таких <b><i>дядек</i></b> городить, лучше бы ступеньки пониже сделали! -- пробурчала Таня, стараясь успеть за сфинксом.",4,3 1 2
3,"-- Я пить буду, <b><i>дядя</i></b>.",Когда-то я плюнул на независимость и стал смотреть в рот <b><i>дядям</i></b> с большими деньгами.,4,1 1 3
1,Мы поднялись с <b><i>дядей</i></b> Мишей поздно.,-Сколько их было -Две тети и один <b><i>дядя</i></b>.,4,3 1 1
1,"Кричу какому-то <b><i>дяде</i></b>: ""Помоги вытащить"", а он мне: ""Не тронь, мертвых трогать не дозволяется"".","<b><i>Дядя</i></b> Тумба показался мне ожившим памятником, который стоит у нас на площади.",4,1 4 2
2,"Увидев на пороге беременную дочь, бабушка запричитала: -- И что ж ты, горе мое, с таким <b><i>животом</i></b> отправилась в дорогу.",Чуть ниже моего <b><i>живота</i></b>.,1,4 4 4
2,"Харламов в трусах, лежит на <b><i>животе</i></b>.",Вот я нажимаю вам на <b><i>живот</i></b> и могу прощупать позвонки.,1,4 4 4
2,"Слухач, пошатываясь и заплетая кривые ноги, ходил кругами, расплескивая пригоршнями коричневый травобой из огромного горшка, подвешенного на <b><i>животе</i></b>.",Двумя пулями -- в <b><i>живот</i></b> и в голову -- Дмитрий Гущин был ранен.,1,4 4 4
4,"Сейчас мы слишком близки сами все от Черты, чтобы чувствовать по-человечески, за других, не только за <b><i>живот</i></b> свой.","Шпрехт любил ее <b><i>живот</i></b>, на полюсе которого торчал круглый, как пуговица, пупок.",4,1 1 1
1,"Вновь взглянув на часы, Юргин вдруг быстро сбросил с себя полушубок, снял шапку, а из нагрудного <b><i>кармана</i></b> гимнастерки вытащил карандашик и маленький блокнот.","Новые порции мрамора проваливаются в <b><i>карман</i></b>, и машина хрупает их, как капустные кочерыжки, и снова летят искры, мерцают и гаснут в темном стальном кошельке.",4,1 1 2
4,"Он озирается по сторонам: -- Кто это спас меня -- Это я, твой ангел-хранитель, я у тебя в <b><i>кармане</i></b>.",Он спрятал ее в <b><i>кармане</i></b>.,4,2 4 1
4,"-- Бабка спрятала письмо в <b><i>карман</i></b> передника, оделась и вышла из избы.",Они обернутся лишь очередным масштабным перекачиванием бюджетных средств в частные <b><i>карманы</i></b>.,1,2 4 2
2,"Волной взрыва снесена <b><i>крыша</i></b> шатра колокольни, а над всем храмом она буквально изрешечена и требует полной замены.",Утром 31 мая река прибывала со скоростью 7 см в час и добралась почти до <b><i>крыш</i></b>.,1,4 4 4
3,"Зелень резко отделяется от обнимающей ее синевы, но если смотреть не мигая, то синева начинает зеленеть, а листва окрашивается синькой, и мир становится иссиня-зеленым, и белая школа, белая ограда медленно окунаются в этот мир, и Лиза начинает видеть в нем то, что заслонено от глаз ближними <b><i>крышами</i></b> и деревцами улицы.","-- На месте у твоей подружки <b><i>крыша</i></b>, можешь сама посмотреть.",4,1 1 1
1,"<b><i>Крыша</i></b> рухнет на меня и на вас"".","-- Да это чтоб мусора уважали, -- ответил Морковин, -- и с <b><i>крышей</i></b> своей не лезли.",4,1 1 1
2,"С этой тропинки хорошо видна поднимающаяся над <b><i>крышами</i></b> серая вышка ратуши, а на ней -- позолоченный циферблат городских часов.","Это на <b><i>крыше</i></b> замёрзли желоба, где-то чего-то тает и течёт не туда.",1,4 4 4
2,"Тот внимательно его осмотрел, детально обо всем расспросил и заверил, что болезнь поддается <b><i>лечению</i></b>.",Физиотерапевтическое <b><i>лечение</i></b>.,1,4 4 4
2,"Наш современный подход характеризуется принципом рассеивания психопатов, признанных социально опасными для принудительного <b><i>лечения</i></b> по различным психиатрическим больницам.","Так, в шорт-лист совершенно не по праву вошел роман Вадима Месяца ""<b><i>Лечение</i></b> электричеством"", и, видимо, поэтому туда не попал отличный роман Валерия Исхакова ""Легкий привкус измены"" (""Дружба народов"", 2-3, 2002).",1,3 4 3
2,После клинических испытаний красный стрептоцид начинают широко применять для <b><i>лечения</i></b> многих воспалительных заболеваний.,"Авиадиспетчера, дежурившего во время катастрофы Ту-154, лечат от шока Швейцарский авиадиспетчер, отдававший команды пилотам Ту-154 непосредственно перед его столкновением с грузовым ""Боингом"", вчера весь день проходил курс <b><i>лечения</i></b> от эмоционального шока.",1,1 3 4
4,<b><i>Линейка</i></b> и отвес символизировали равенство сословий.,"Фройляйн Ирэна, подите к доске, я дам вам <b><i>линейкой</i></b> по жопе!",1,4 4 4
1,Нередко воспитатель пускал в ход <b><i>линейку</i></b> и даже ружейный шомпол.,Эта <b><i>линейка</i></b> была запряжена парой серых в яблоках орловских рысаков.,4,1 1 1
1,"Подъезжая к Покровскому монастырю, Берг выскочил из <b><i>линейки</i></b>, подбежал к карете, где сидели вдова с дочкой, открыл дверцу кареты и -- с ловкостью военного -- помог дамам выйти из нее.","Наш класс оканчивает среднюю школу, в школьном дворе построена <b><i>линейка</i></b>.",4,1 1 1
1,"- Что ж ты думаешь, Совет Министров и три министерства так враз и запляшут по твоему слову И в самом деле <b><i>маньяк</i></b>!","Она оставила в квартире <b><i>маньяка</i></b> некоторые свои вещи, чем он и воспользовался.",4,2 1 1
1,"Сколько мы видели изображений Пушкина, где он похож на восторженного <b><i>маньяка</i></b>!","<b><i>Маньяк</i></b>, разумеется, был тут же задержан, дело происходило в десять утра, и народу на улице было полно.",4,2 1 2
3,"Но все это, в сочетании с еще дополнительным сроком, только усилило навязчивую идею <b><i>маньяка</i></b>.","И фильм Дюмона, также обращенный к невосприимчивости зрителя, невосприимчивости к пустоте, обнажающей свою эффективность в ожидании, в готовности принять отсутствие целесообразного действия как отсутствие ""нормы"", предлагает принять правила другого (""<b><i>маньяка</i></b>"").",4,2 1 4
3,"И скоро это были уже никакие не силуэты и не мешки, а очевидные уроды или даже <b><i>монстры</i></b>, которые вызвали бы удивление и у служащих кунсткамер.",В спальне Кенетты вовсю порезвился <b><i>монстр</i></b>.,4,1 2 1
1,"И последние дни жизни в Нижнем мы, весело с ним подбоченившись, с хохотом, с грохотом мчались по миру идей, как по чащам, охотясь за ""<b><i>монстром</i></b>"".","И после этого вы будете продолжать петь мне о том, что вы встретили и полюбили, что вы нормальный живой человек Да вы чудовище, Валерий Васильевич, вы <b><i>монстр</i></b>, которому не место среди людей.",4,1 2 2
1,"Он чувствовал, что теперь навсегда прекратятся встречи ее с той компанией <b><i>монстров</i></b>, что и те ребята не будут <b><i>монстрами</i></b>: повзрослеют, обзаведутся семьями.","Вспомнив сериал, герой которого в минуту опасности преображался в зеленого <b><i>монстра</i></b>, я восторженно выкрикнул: ""Incredible Hulk!"" ""Невыносимый Халк"", -- неправильно, но точно перевел довольный Довлатов.",4,3 1 1
2,"Писал Хлебников непрерывно и написанное, говорят, запихивал в <b><i>наволочку</i></b> или терял.","-- Ефим задушевно смотрел на большие желтые пуговицы, какими совсем недавно застегивали матрасы и <b><i>наволочки</i></b>.",1,4 4 4
2,"Не с мешком, а с <b><i>наволочкой</i></b>.","Сейчас же убедила себя, что вышивать нужно -- рубашечки для внука, <b><i>наволочку</i></b>, платочки.",1,4 4 4
3,Деньги сквозь <b><i>наволочку</i></b> давили в висок.,"Надо бы спросить у Халиля -- вырывают ли и сегодня языки у ткачей, как в прежние добрые времена, -- дабы те не разболтали секрета производства шелка И вот еще что: надо разориться и купить в подарок Марго пару <b><i>наволочек</i></b> из этой нежнейшей и легчайшей ядовитой материи.",1,4 4 4
4,"Готовые связки Лина подвешивает возле печи, тут и досушивает их, сортирует: грибная крошка в пакеты (пойдет по своей цене, осенью поганка, зимою -- рупь банка), боровики -- в <b><i>наволочку</i></b>, маслята -- на железные противни.","Без <b><i>наволочек</i></b>, без простыней!",1,1 4 1
1,Поэтому следует избегать <b><i>наложения</i></b> чрезмерного количества красок на лице.,Исчерпывающий замысел результирующий эффект и здесь возникает при совмещении всех произведенных в тексте смен КП (и при их <b><i>наложении</i></b> на аналогичные процессы в сфере смен и <b><i>наложений</i></b> РЦ).,4,1 1
1,"Короче говоря, в голове Николая Ивановича Олексина существовала полная путаница, вызванная <b><i>наложением</i></b> двух войн на одну совестливую душу.",Неприкосновенность жилища должника может нарушить судебный исполнитель при <b><i>наложении</i></b> ареста на его имущество или при изъятии у него определенных предметов.,4,2 1 1
4,"Это было кровавое выступление, стоившее сотен жертв, ранеными и убитыми, и сопровождавшееся унижением русского национального достоинства, разоружением воинских частей, захватом судов и <b><i>наложением</i></b> японской опеки на наиболее значительные государственные, общественные и частные учреждения.",Непредставление отчета или срыв сроков представления влечет за собой <b><i>наложение</i></b> штрафа (размер колеблется от 100 до 5 000 фунтов стерлингов).,4, 3 3 1
1,"Сквозь решетку юрты он видел <b><i>огни</i></b> костров, озарявшие багровыми отблесками сидевших кружками воинов.","-- Открывайте <b><i>огонь</i></b>, ннамать! -- вдруг вскипел Колька.",4,1 1 1
2,"Очень хотелось сесть погреться у <b><i>огня</i></b>, но он знал, что не сядет и не уйдет отсюда, пока не получит документов.","Загорание было вовремя замечено, и пожарные смогли быстро справиться с <b><i>огнем</i></b>.",1,4 4 4
1,По обе стороны реки пылали бивачные <b><i>огни</i></b>.,"А вчера ночью принесли посланного связного, говорят, что он попал под <b><i>огонь</i></b> случайно -- наш часовой принял его в темноте с перепугу за лазутчика.",4,1 1 1
1,Пришлось бы прибегнуть к иронической <b><i>риторике</i></b> и диалогическим каламбурам.,"Современных школьных программ по <b><i>риторике</i></b>, к сожалению, не знаю, и рекламой не занимался.",4,1 2 2
2,"Это особенно видно в речи Павла на суде, которая построена по всем правилам классической <b><i>риторики</i></b> и включает в себя разнообразные ораторские приемы: регулярные периоды, градации, повторы, восклицания, обращения к слушателям и т. д. Андрей, напротив, воплощает в себе тип революционного мечтателя-визионера, чей подход к революционному движению носит в основном эмоциональный характер.","В-третьих, раздельное написание партий утверждает концепцию музыки, согласно которой музыка является не излагающим или выражающим искусством, подобно <b><i>риторике</i></b>, поэтике и диалектике, но, подобно арифметике, геометрии и астрономии, является искусством исчисляющим.",1,4 2 4
1,"Точное значение подлинника: ""Замените логику общением с людьми и учитесь <b><i>риторике</i></b> на обыкновенных разговорах"".","Нет и понимания дальнейшего идеологического фундамента протеста: часть лидеров отстаивает жесткую антипутинскую <b><i>риторику</i></b>, другие пытаются раскрутить украинскую тему, третьи высказываются за накачку общества на фоне социальных трудностей страны.",4,3 1 2
2,"""Историческая роль наших великих учителей Ленина и Сталина, -- говорит товарищ Маленков, -- состоит в том, что они, глубоко проникнув в теоретические основания марксизма и в <b><i>совершенстве</i></b> владея диалектическим методом, отстояли и защитили марксизм от всех извращений и гениально развили марксистское учение"".","По представлениям буддистов, путь души гораздо длиннее и не ограничен одной-единственной жизнью: душа претерпевает бесконечное число перерождений и получает освобождение, лишь достигнув <b><i>совершенства</i></b>.",1,4 4 4
2,"Итак, я поставил перед собою задачу в <b><i>совершенстве</i></b> овладеть этим чудовищным языком.",Только вот материал и дизайн становятся более продуманными и доводятся до <b><i>совершенства</i></b>.,1,4 2 4
4,"Нельзя было не поражаться <b><i>совершенству</i></b> формы, которого добивались мастера Цзущэ при обработке необожженного черепка.","Великолепные произведения создаются в этой стране повсеместно, но все же недосягаемым примером <b><i>совершенства</i></b> являются изделия балийских мастеров.",4,1 4 3
2,"В <b><i>советчики</i></b> меня зовет, а из меня какой <b><i>советчик</i></b> Да и плевать ей на меня.","Бывает очень горько сознавать, что ты мог спасти человека, если бы он чуть раньше обратил внимание на крошечное пятнышко, переродившееся в серьезное онкологическое заболевание-меланому, непослушал бы вредных <b><i>советчиков</i></b>: ""Не трогай родинку -- от греха подальше!"" может образоваться практически из любого пигментированного образования на коже.",1,4 4 4
4,Страх -- плохой <b><i>советчик</i></b>: со страху немцы бросились на Россию.,"Ему нужен был верный друг -- и как <b><i>советчик</i></b>, и как помощник, -- и такой у него имелся: раненный в сече на Ильмене Кари",1,4 4 4
4,"Председатель старается допытаться: да не может этого быть! да неужели своею рукой -- и все строчки да вы, наверное, только подписали, а кто писал а кто <b><i>советчики</i></b> И потом: зачем вы в воззвании упоминаете о травле, которую газеты ведут против вас (Ведь травят вас, зачем же это слышать нам...)","Торопливость здесь -- плохой помощник, а зависть -- никчемный <b><i>советчик</i></b>.",1,4 4 3
2,"Общая площадь наших двух комнат немного больше 30 м2, одна служила спальней, столовой и детской, другая (проходная, очень маленькая) была папиным кабинетом -- там у окна стоял папин рабочий стол (папа сам его отремонтировал), с книжными полками по <b><i>стенам</i></b> над столом.",Я поднялся и пошел вдоль <b><i>стены</i></b>.,1,4 4 4
2,"Обычно в десятом часу за <b><i>стеной</i></b> происходило чтение -- хозяйка читала внуку ""Войну и мир"".",Чисто выбеленные <b><i>стены</i></b> и потолок.,1,4 4 4
1,"Лазаренко артисты, явившиеся 16 января с.г. на заседание президиума, чтобы понять, какую <b><i>стену</i></b> воздвиг между собой и исполнителями т. Лазаренко.","Сначала оно неожиданно чарующе прозвучало по-немецки, переведенное в ГДР, и нечаянно наложилось на тему разделенности уже не двух людей, а целого народа Берлинской <b><i>стеной</i></b>.",4,1 1 3
3,На больших <b><i>тачках</i></b> подвозили мы ящики с французскими винами.,Однако красавец-джип выглядел престижней отечественной <b><i>тачки</i></b>.,4,1 1 1
1,"Многие работали в ножных кандалах, а некоторые были цепями прикованы к <b><i>тачкам</i></b>.","Если Жердяй узнает, что я разболтал кому-то насчет угнанной <b><i>тачки</i></b> и стволов, меня со стоянки выгонят.",4,1 1 1
3,"И в дальнейшем служитель привозил нам эти книги -- так они были громоздки -- на <b><i>тачке</i></b>, а жили мы в отеле на горе, над Висбаденом, на Нероберге.","<b><i>Тачка</i></b> у нее классная, -- видел кто-то из наших, когда она сюда приезжала.",4,1 1 1
1,"Он сложил четверых пиратов на <b><i>тачку</i></b>, а Дурошлепа выдернул из земли и взял под мышку.","Зато ее новенькая <b><i>тачка</i></b> полетела выше фонарного столба, здоровски!",4,1 1 1
2,"Однажды Петр застал сына в сарае, мальчик пытался пристроить к старому корыту колесо <b><i>тачки</i></b>.","Таня и Освальд не решались сойти с тропы, чтобы не наступить на змею, не потревожить эльфа с крошечной <b><i>тачкой</i></b>, не поднять из логова сказочного волка.",1,4 3 4
1,Сходным образом люди вдруг меняются под угрозой <b><i>увольнения</i></b>.,"Кстати, и на недавнем Всеармейском совещании было сказано, что контрактники -- обычные солдаты, 24 часа в казарме, выходы в город только в <b><i>увольнение</i></b>, да и то, если заслужат.",4,1 1 1
1,"Команда, за исключением вахтенных, ушла в <b><i>увольнение</i></b>, в город.","Первым плохим признаком стал запущенный в прессу слух, что сразу же после <b><i>увольнения</i></b> Примакова Рапота сам подал в отставку, а на его место уже подбирается новая кандидатура.",4,1 4 3
3,Призыв 1902 года в 1924 году дал Красной армии 4.700 партийцев; при <b><i>увольнении</i></b> же этого возраста в 1926 году в запас Красная армия дала стране 19.439 партийцев.,<b><i>Увольнение</i></b> производится в порядке очередности.,4,1 4 3
1,Здесь нужно отметить выдающиеся работы действительного члена Белорусской Академии Наук Н. А. Прилежаева (1873-1944) над окислением непредельных <b><i>углеводородов</i></b> и их производных с одной или несколькими двойными связями гидроперекисью бензоила.,Будем также продолжать способствовать диалогу между независимыми производителями нефти и государствами -- членами ОПЕК и вновь отмечаем нашу заинтересованность в продвижении контактов между странами-производителями и потребителями нефти в интересах обеспечения устойчивости международного рынка <b><i>углеводородов</i></b>.,4,1 1 1
4,Созданная по этому принципу в СССР передвижная установка способна обработать в час до 500 кг буровых отходов -- в ее топке циклонного типа шлам полностью лишается <b><i>углеводородов</i></b> и потому не содержит более органических соединений.,"Это действительно так, поскольку само название ""парафины"" означает крайнюю инертность этих <b><i>углеводородов</i></b> метанового ряда.",4,3 1 1
4,"Бутлеров на заседании Русского химического общества сделал сообщение об открытии Густавсона: ""...бромирование ароматических <b><i>углеводородов</i></b> в присутствии самых малых количеств бромистого алюминия, -- говорил он, -- идет весьма энергично и требует охлаждения до 0.","Теперь люди не нужны, и когда людей становится меньше, то от этого только лучше, потому что на оставшихся приходится больше <b><i>углеводородов</i></b>.",1,3 4 3
3,Понемногу мы привыкали к своему домику и своему новому <b><i>укладу</i></b>.,"В странах Европы всегда происходило соприкосновение, а нередко и противоборство, с местной традицией, куда входили и эстетические представления заказчиков, и бытовой <b><i>уклад</i></b>, и местные ремесленные корпорации.",4,2 3 1
4,"Как-никак тут был его первый личный дом, закладка его собственной семьи, и он, играя иногда во внешнюю нелюбовь ко всем ""порядкам"" и ворча на сковывающие мелочи семейных отношений, внутренне придавал <b><i>укладу</i></b> жизни большое значение.",Мир стоит перед выбором перехода на новый технологический <b><i>уклад</i></b>.,4,2 1 4
4,"Но это рассуждение неправильно, ибо забывает всю совокупность наличных общественно-экономических <b><i>укладов</i></b>, выхватывая только два из них.","И только два века спустя, в эпоху Возрождения, в связи с огромными переменами в <b><i>укладе</i></b> жизни и культуре претерпела радикальные изменения шахматная игра",4,3 3 1
4,"Не культурничество, а стройка пролетарской культуры, не подмена икон старого быта новыми (так обстоит дело с подстановками в ритуалах семейного и религиозного <b><i>уклада</i></b>), но стройка целесообразных форм повседневного бытия.","В стране вместе с зарождением нового экономического <b><i>уклада</i></b> произошла сначала криминальная, а потом бюрократическая революции.",4,3 2 3
1,"Скаредный Чернышев трепетал между <b><i>фаворитами</i></b>, он вполголоса вымолвил, что самой императрице ехать-де вредно, и сделал вид, что спешит записать имена тех полков, которым к Москве ""маршировать вновь повелено"".","Бесспорным <b><i>фаворитом</i></b> в унисон называют российский клуб, наводящий ужас на французов уже подбором игроков: Игорь Куделин, Эурелиус Жукаусас, Джеймс Робинсон, Тони Фармер, Горан Ягодник.",4,1 1 1
1,"Один из кандидатов, Нуждин -- ставленник Лысенко, бывшего тогда <b><i>фаворитом</i></b> Хрущева.",Ну а <b><i>фаворитами</i></b> предстоящих Игр являются сборные Китая и США.,4,1 1 2
1,"Оказывается, была перехвачена переписка наперсника Павла, князя Куракина, с Бибиковым, который в своей корреспонденции отзывался неуважительно об Екатерине и ее <b><i>фаворитах</i></b>.","В следующий раз, уверен, это будет один из <b><i>фаворитов</i></b> турнира.",4,1 2 1
4,<b><i>Хозяйка</i></b> стукала и звякала на кухне.,"Такие ""пастухи"" прекрасно слушаются свою <b><i>хозяйку</i></b>, а собратья послушно следует за ними.",4,1 2 1
1,"Сухонькая голубоглазая <b><i>хозяйка</i></b> в темном повойнике, с кротким выражением на безответном лице, хлопочет у печки: ворочает уголья, гремит хватом, двигает чугуники.","Иногда мне казалось, что эти заколдованные предметы несли в себе не только характер своей <b><i>хозяйки</i></b>, но и становились ее глазами и ушами.",4,3 1 1
1,"Придет партизан с задания, <b><i>хозяйка</i></b> соберет на стол, поставит чарочку, угощает: -- Закуси вот да выпей.","-- А вы здесь в каком качестве -- поднимаясь на второй этаж за сопроводителем и прекрасно догадываясь, что тот выполняет роль телохранителя <b><i>хозяйки</i></b> заведения, поинтересовался Агейко.",4,2 2 1
1,"А ты откуда знаешь -- в свою очередь удивляется <b><i>хозяйка</i></b>, -- ведь ты меня нонь в первой раз видишь.","Мне вообще кажется, что будет неплохо (разумеется, при согласии <b><i>хозяйки</i></b> раздела), если в этой теме появятся и другие рассказы, как, например, в теме про приучение к горшку.",4,2 1 2
4,"Заявление, что второй том умнее первого, размышления о <b><i>цензуре</i></b> словно свидетельствуют о благополучной творческой работе писателя и даже о приближении ее к концу.","Сегодня в обществе очень высока потребность в <b><i>цензуре</i></b>, моральной <b><i>цензуре</i></b",4,4 3 1
4,"В письме Погодину Гоголь пишет: ""Если в случае глупая <b><i>цензура</i></b> привяжется к тому, что ""Нос"" не может быть в Казанской церкви, то пожалуй можно его перевести в католическую.",В свое время в том же искусстве преуспела советская фантастика -- при активном участии института советской же <b><i>цензуры</i></b>.,4,3 4 1
4,"Называлась <b><i>цензура</i></b> почему-то ГЛАВЛИТ, и мне до сих пор неизвестно, что это обозначало: главная литература глава литературы Однако за этой расплывчатой неопределенностью названия скрывалась самая жесткая и весьма определенная структура.","Новая ""красная <b><i>цензура</i></b>"" была установлена не Сталиным, а еще Лениным.",4,3 4 1
2,"Первая беседа прошла неудачно, так как я не смог достать карты Испании и вообще беседа была, как мне кажется, суховата: слишком много <b><i>цифр</i></b>.","Расчетная <b><i>цифра</i></b> предельных затрат, которая должна была бы обеспечить верную победу его кандидату, осталась в далеком прошлом: ежедневно в подвале, чьи стены, потертые медлительным шорканьем человеческой массы, изменили цвет с кофейного на грязно-розовый, выдавались на руки сумасшедшие суммы.",1,4 3 4
2,Паевой капитал против намеченных контрольных <b><i>цифр</i></b> в 84.363 р. доведен до 124.297 руб.,"Согласитесь, в <b><i>цифре</i></b> 9 есть нечто мистическое.",1,3 4 4
1,В годовщину свадьбы буду выставлять на балконе огненные <b><i>цифры</i></b>.,"Сергей Глазьев с <b><i>цифрами</i></b> в руках наглядно доказал, что идет хищническая добыча нефти и газа, главная цель которой -- сверхприбыль любой ценой.",4,1 2 1
2,"О том, как неуклонно накапливалась информация о структуре РНК, свидетельствуют <b><i>цифры</i></b>.","В тоже время в компании утверждают, что план по добыче ""не изменится ни на йоту"" (ранее называлась <b><i>цифра</i></b> в 1,6 миллиардов долларов или 1,8 миллиардов с учетом всех дочек), вырастут лишь капитальные вложения (до этого они рассчитывались на уровне 12,4 миллиардов рублей).",1,3 4 4
